{
    "S-Learner": {
        "auuc": 1.8342946379766405e-05,
        "qini": 4.333782649924335,
        "cal_error": 0.0011874911247460513,
        "policy_values": {
            "0.05": 0.0019835792154209147,
            "0.1": 0.0010455834956863358,
            "0.2": 0.0017421161626952788,
            "0.3": 0.0009980567539182908
        }
    },
    "T-Learner": {
        "auuc": 1.4913274258397322e-05,
        "qini": 3.521961928095091,
        "cal_error": 0.0014894351227562335,
        "policy_values": {
            "0.05": 0.0017903184008363016,
            "0.1": 0.001181515330265811,
            "0.2": 0.0018130942957676976,
            "0.3": 0.0010158472152202182
        }
    },
    "X-Learner": {
        "auuc": -4.359417429056168e-05,
        "qini": -10.38820950513538,
        "cal_error": 0.001472005288745765,
        "policy_values": {
            "0.05": 0.0005297369057320166,
            "0.1": 0.0005065886811389808,
            "0.2": 0.0015318301998803888,
            "0.3": 0.000843362887578367
        }
    },
    "R-Learner": {
        "auuc": -0.0005743746015782478,
        "qini": -136.55641277602524,
        "cal_error": 0.010232769872089018,
        "policy_values": {
            "0.05": 0,
            "0.1": 0,
            "0.2": 0,
            "0.3": 0
        }
    },
    "Causal Forest": {
        "auuc": -0.0005743746015782478,
        "qini": -136.55641277602524,
        "cal_error": 5.0253839062111425e-06,
        "policy_values": {
            "0.05": 0,
            "0.1": 0,
            "0.2": 0,
            "0.3": 0
        }
    }
}